page_id,page_name,campaign_id,report_date,platform,engaged_users,new_followers,total_followers,impressions,organic_impressions,profile_views,website_clicks
6,Client_6,102.0,2024-04-17,Instagram,0,0,0,459786,0,0,0
7,Client_7,,2024-04-17,Instagram,0,0,0,100387,0,0,0
6,Client_6,102.0,2024-04-16,Instagram,0,0,419266,505838,0,0,0
7,Client_7,104.0,2024-04-16,Instagram,0,0,17988,103178,0,0,0
6,Client_6,101.0,2024-04-15,Instagram,0,0,419038,540630,0,0,0
7,Client_7,104.0,2024-04-15,Instagram,0,0,17986,105364,0,0,0
6,Client_6,101.0,2024-04-14,Instagram,0,0,418778,576067,0,0,0
7,Client_7,,2024-04-14,Instagram,0,0,17986,112398,0,0,0
6,Client_6,101.0,2024-04-13,Instagram,0,0,418639,370618,0,0,0
7,Client_7,103.0,2024-04-13,Instagram,0,0,17990,135266,0,0,0
6,Client_6,102.0,2024-04-12,Instagram,0,243,418537,319613,0,0,0
7,Client_7,104.0,2024-04-12,Instagram,0,3,0,119850,0,0,0
6,Client_6,102.0,2024-04-11,Instagram,0,289,418426,422155,0,0,0
7,Client_7,103.0,2024-04-11,Instagram,0,5,17990,113329,0,0,0
6,Client_6,102.0,2024-04-10,Instagram,0,302,418295,468258,0,0,0
7,Client_7,103.0,2024-04-10,Instagram,0,4,17989,109402,0,0,0
6,Client_6,101.0,2024-04-09,Instagram,0,287,418155,406498,0,0,0
7,Client_7,103.0,2024-04-09,Instagram,0,6,17994,115878,0,0,0
6,Client_6,,2024-04-08,Instagram,0,422,418015,639092,0,0,0
7,Client_7,104.0,2024-04-08,Instagram,0,8,17990,109098,0,0,0
6,Client_6,102.0,2024-04-07,Instagram,0,788,417777,361399,0,0,0
7,Client_7,103.0,2024-04-07,Instagram,0,7,17984,138080,0,0,0
6,Client_6,,2024-04-06,Instagram,0,292,417191,353858,0,0,0
7,Client_7,104.0,2024-04-06,Instagram,0,5,17978,140405,0,0,0
6,Client_6,101.0,2024-04-05,Instagram,0,270,417075,331124,0,0,0
7,Client_7,104.0,2024-04-05,Instagram,0,6,17976,123073,0,0,0
6,Client_6,102.0,2024-04-04,Instagram,0,333,416939,365475,0,0,0
7,Client_7,104.0,2024-04-04,Instagram,0,7,17978,101222,0,0,0
6,Client_6,101.0,2024-04-03,Instagram,0,374,416576,431822,0,0,0
7,Client_7,104.0,2024-04-03,Instagram,0,6,17974,112800,0,0,0
6,Client_6,101.0,2024-04-02,Instagram,0,341,0,395390,0,0,0
7,Client_7,103.0,2024-04-02,Instagram,0,6,17970,111842,0,0,0
6,Client_6,102.0,2024-04-01,Instagram,0,308,0,499717,0,0,0
7,Client_7,104.0,2024-04-01,Instagram,0,4,0,118305,0,0,0
7,Client_7,104.0,2024-03-31,Instagram,0,2,0,124658,0,0,0
7,Client_7,,2024-03-30,Instagram,0,7,0,130287,0,0,0
7,Client_7,103.0,2024-03-29,Instagram,0,7,0,115992,0,0,0
7,Client_7,103.0,2024-03-28,Instagram,0,6,0,98966,0,0,0
7,Client_7,,2024-03-27,Instagram,0,2,0,102925,0,0,0
7,Client_7,103.0,2024-03-26,Instagram,0,4,0,100145,0,0,0
7,Client_7,103.0,2024-03-25,Instagram,0,5,0,107021,0,0,0
7,Client_7,,2024-03-24,Instagram,0,2,0,105621,0,0,0
7,Client_7,103.0,2024-03-23,Instagram,0,5,0,121457,0,0,0
7,Client_7,103.0,2024-03-22,Instagram,0,5,0,103529,0,0,0
7,Client_7,104.0,2024-03-21,Instagram,0,6,0,100019,0,0,0
7,Client_7,103.0,2024-03-20,Instagram,0,4,0,108758,0,0,0
7,Client_7,104.0,2024-03-19,Instagram,0,3,0,105565,0,0,0
7,Client_7,104.0,2024-03-18,Instagram,0,13,0,109415,0,0,0
7,Client_7,104.0,2024-03-17,Instagram,0,3,0,125326,0,0,0
7,Client_7,104.0,2024-03-16,Instagram,0,3,0,143043,0,0,0
7,Client_7,103.0,2024-03-15,Instagram,0,4,0,129988,0,0,0
7,Client_7,,2024-03-14,Instagram,0,8,0,119594,0,0,0
7,Client_7,104.0,2024-03-13,Instagram,0,9,0,123011,0,0,0
7,Client_7,104.0,2024-03-12,Instagram,0,9,0,119935,0,0,0
7,Client_7,103.0,2024-03-11,Instagram,0,4,0,120762,0,0,0
7,Client_7,104.0,2024-03-10,Instagram,0,4,0,125045,0,0,0
7,Client_7,104.0,2024-03-09,Instagram,0,6,0,143342,0,0,0
7,Client_7,103.0,2024-03-08,Instagram,0,0,0,125067,0,0,0
7,Client_7,104.0,2024-03-07,Instagram,0,0,0,117005,0,0,0
7,Client_7,103.0,2024-03-06,Instagram,0,0,0,122933,0,0,0
7,Client_7,104.0,2024-03-05,Instagram,0,0,0,130701,0,0,0
7,Client_7,103.0,2024-03-04,Instagram,0,0,0,118510,0,0,0
12,Client_12,105.0,2024-03-03,Facebook,0,0,3190,3,0,3,0
17,Client_17,109.0,2024-03-03,Instagram,0,0,23223,4240,0,0,0
19,Client_19,,2024-03-03,Instagram,0,0,10100,79,0,0,0
19,Client_19,112.0,2024-03-03,Facebook,0,68,470118,778047,0,2582,0
22,Client_22,115.0,2024-03-03,Facebook,0,2,54928,23624,0,26,0
7,Client_7,103.0,2024-03-03,Facebook,0,0,48930,13563,0,10,0
7,Client_7,103.0,2024-03-03,Instagram,0,0,17981,127702,0,0,0
12,Client_12,,2024-03-02,Facebook,0,0,3192,2,0,1,0
15,Client_15,116.0,2024-03-02,Instagram,0,0,6497,40901,0,0,0
17,Client_17,109.0,2024-03-02,Instagram,0,0,23202,156055,0,0,0
19,Client_19,112.0,2024-03-02,Instagram,0,0,10102,5681,0,0,0
19,Client_19,,2024-03-02,Facebook,0,55,470148,395110,0,2645,0
22,Client_22,115.0,2024-03-02,Facebook,0,1,54927,33975,0,47,0
6,Client_6,102.0,2024-03-02,Instagram,0,0,410641,463562,0,0,0
7,Client_7,,2024-03-02,Facebook,0,0,48941,11944,0,14,0
7,Client_7,,2024-03-02,Instagram,0,0,17982,155912,0,0,0
8,Client_8,119.0,2024-03-02,Instagram,0,0,12413,22006,0,0,0
12,Client_12,,2024-03-01,Facebook,0,0,3192,7,0,2,0
15,Client_15,117.0,2024-03-01,Instagram,0,0,6496,40399,0,0,0
17,Client_17,107.0,2024-03-01,Instagram,0,0,23096,171410,0,0,0
19,Client_19,110.0,2024-03-01,Instagram,0,0,10107,4577,0,0,0
19,Client_19,110.0,2024-03-01,Facebook,0,109,470102,414652,0,2354,0
22,Client_22,115.0,2024-03-01,Facebook,0,5,54932,37129,0,88,0
6,Client_6,101.0,2024-03-01,Instagram,0,0,410271,604525,0,0,0
7,Client_7,103.0,2024-03-01,Facebook,0,0,48942,11051,0,15,0
7,Client_7,104.0,2024-03-01,Instagram,0,0,17988,142096,0,0,0
8,Client_8,119.0,2024-03-01,Instagram,0,0,12417,33541,0,0,0
12,Client_12,105.0,2024-02-28,Facebook,0,0,3192,11,0,1,0
15,Client_15,116.0,2024-02-28,Instagram,0,14,6492,54060,0,0,0
17,Client_17,109.0,2024-02-28,Instagram,0,150,22957,176668,0,0,0
19,Client_19,111.0,2024-02-28,Instagram,0,17,10106,4296,0,0,0
19,Client_19,112.0,2024-02-28,Facebook,0,98,470004,379545,0,2350,0
22,Client_22,113.0,2024-02-28,Facebook,0,0,54930,42728,0,77,0
6,Client_6,102.0,2024-02-28,Instagram,0,887,409599,512639,0,0,0
7,Client_7,,2024-02-28,Facebook,0,2,48942,6607,0,17,0
7,Client_7,103.0,2024-02-28,Instagram,0,0,17987,125147,0,0,0
8,Client_8,119.0,2024-02-28,Instagram,0,6,12420,38429,0,0,0
12,Client_12,106.0,2024-02-27,Facebook,0,0,3192,6,0,3,0
15,Client_15,117.0,2024-02-27,Instagram,0,12,6489,29514,0,0,0
17,Client_17,109.0,2024-02-27,Instagram,0,140,22820,148825,0,0,0
19,Client_19,112.0,2024-02-27,Facebook,0,19,469918,236170,0,1368,0
19,Client_19,111.0,2024-02-27,Instagram,0,30,10108,5839,0,0,0
22,Client_22,114.0,2024-02-27,Facebook,0,3,54933,44731,0,103,0
6,Client_6,102.0,2024-02-27,Instagram,0,508,408960,609119,0,0,0
7,Client_7,103.0,2024-02-27,Facebook,0,0,48940,1884,0,6,0
7,Client_7,103.0,2024-02-27,Instagram,0,6,17990,108469,0,0,0
8,Client_8,119.0,2024-02-27,Instagram,0,5,12417,22530,0,0,0
12,Client_12,105.0,2024-02-26,Facebook,0,0,3192,21,0,5,0
15,Client_15,117.0,2024-02-26,Instagram,0,9,6486,32504,0,0,0
17,Client_17,107.0,2024-02-26,Instagram,0,94,22714,149787,0,0,0
19,Client_19,112.0,2024-02-26,Facebook,0,16,469916,221941,0,937,0
19,Client_19,112.0,2024-02-26,Instagram,0,18,10110,3496,0,0,0
22,Client_22,113.0,2024-02-26,Facebook,0,1,54934,37793,0,68,0
6,Client_6,101.0,2024-02-26,Instagram,0,422,408626,547771,0,0,0
7,Client_7,103.0,2024-02-26,Instagram,0,2,17989,116943,0,0,0
7,Client_7,103.0,2024-02-26,Facebook,0,0,48942,2998,0,14,0
8,Client_8,119.0,2024-02-26,Instagram,0,6,12421,25445,0,0,0
12,Client_12,,2024-02-25,Facebook,0,0,3192,5,0,2,0
15,Client_15,116.0,2024-02-25,Instagram,0,12,6478,32902,0,0,0
17,Client_17,107.0,2024-02-25,Instagram,0,146,22638,218593,0,0,0
19,Client_19,,2024-02-25,Facebook,0,6,469911,271552,0,1192,0
19,Client_19,110.0,2024-02-25,Instagram,0,23,10105,2807,0,0,0
22,Client_22,115.0,2024-02-25,Facebook,0,1,54938,50193,0,96,0
6,Client_6,101.0,2024-02-25,Instagram,0,374,408359,541701,0,0,0
7,Client_7,104.0,2024-02-25,Facebook,0,0,48944,4795,0,11,0
7,Client_7,104.0,2024-02-25,Instagram,0,6,17990,114333,0,0,0
8,Client_8,119.0,2024-02-25,Instagram,0,3,12420,34768,0,0,0
12,Client_12,105.0,2024-02-24,Facebook,0,0,3192,3,0,0,0
15,Client_15,118.0,2024-02-24,Instagram,0,13,6471,63306,0,0,0
17,Client_17,109.0,2024-02-24,Instagram,0,162,22499,285807,0,0,0
19,Client_19,112.0,2024-02-24,Instagram,0,32,0,4948,0,0,0
19,Client_19,111.0,2024-02-24,Facebook,0,20,469919,478716,0,1237,0
22,Client_22,113.0,2024-02-24,Facebook,0,0,54942,47381,0,58,0
6,Client_6,,2024-02-24,Instagram,0,284,408154,528603,0,0,0
7,Client_7,,2024-02-24,Instagram,0,5,17987,133226,0,0,0
7,Client_7,103.0,2024-02-24,Facebook,0,1,48947,5421,0,23,0
8,Client_8,119.0,2024-02-24,Instagram,0,5,0,40419,0,0,0
12,Client_12,105.0,2024-02-23,Facebook,0,0,3192,4,0,0,0
15,Client_15,118.0,2024-02-23,Instagram,0,15,6459,99233,0,0,0
17,Client_17,,2024-02-23,Instagram,0,99,22386,291190,0,0,0
19,Client_19,111.0,2024-02-23,Facebook,0,10,469946,312554,0,1054,0
19,Client_19,111.0,2024-02-23,Instagram,0,17,10111,7458,0,0,0
22,Client_22,,2024-02-23,Facebook,0,1,54946,36569,0,82,0
6,Client_6,102.0,2024-02-23,Instagram,0,266,408106,526692,0,0,0
7,Client_7,103.0,2024-02-23,Facebook,0,2,48951,4577,0,37,0
7,Client_7,103.0,2024-02-23,Instagram,0,2,17991,139215,0,0,0
8,Client_8,119.0,2024-02-23,Instagram,0,1,12424,38810,0,0,0
12,Client_12,106.0,2024-02-22,Facebook,0,0,3192,2,0,3,0
15,Client_15,118.0,2024-02-22,Instagram,0,23,6450,89913,0,0,0
17,Client_17,108.0,2024-02-22,Instagram,0,57,22322,131695,0,0,0
19,Client_19,,2024-02-22,Instagram,0,13,10134,7914,0,0,0
19,Client_19,110.0,2024-02-22,Facebook,0,10,469973,186047,0,1200,0
22,Client_22,113.0,2024-02-22,Facebook,0,2,54950,50621,0,100,0
6,Client_6,101.0,2024-02-22,Instagram,0,243,408027,384404,0,0,0
7,Client_7,104.0,2024-02-22,Instagram,0,2,17992,120948,0,0,0
7,Client_7,103.0,2024-02-22,Facebook,0,0,48953,3546,0,20,0
8,Client_8,120.0,2024-02-22,Instagram,0,1,12426,18973,0,0,0
12,Client_12,105.0,2024-02-21,Facebook,0,0,3192,4,0,2,0
15,Client_15,117.0,2024-02-21,Instagram,0,10,6433,95906,0,0,0
17,Client_17,108.0,2024-02-21,Instagram,0,98,22266,117912,0,0,0
19,Client_19,,2024-02-21,Facebook,0,8,470040,185318,0,1036,0
19,Client_19,110.0,2024-02-21,Instagram,0,22,10135,11496,0,0,0
22,Client_22,,2024-02-21,Facebook,0,4,54952,34247,0,100,0
6,Client_6,101.0,2024-02-21,Instagram,0,295,407906,487851,0,0,0
7,Client_7,103.0,2024-02-21,Instagram,0,4,17993,114048,0,0,0
7,Client_7,103.0,2024-02-21,Facebook,0,1,48965,2979,0,17,0
8,Client_8,,2024-02-21,Instagram,0,8,12430,39780,0,0,0
12,Client_12,,2024-02-20,Facebook,0,0,3192,3,0,0,0
15,Client_15,,2024-02-20,Instagram,0,19,6426,104425,0,0,0
17,Client_17,108.0,2024-02-20,Instagram,0,181,22179,194391,0,0,0
19,Client_19,111.0,2024-02-20,Facebook,0,9,470111,188454,0,1167,0
19,Client_19,,2024-02-20,Instagram,0,28,10136,13327,0,0,0
22,Client_22,,2024-02-20,Facebook,0,1,54951,27423,0,75,0
6,Client_6,102.0,2024-02-20,Instagram,0,286,407841,551597,0,0,0
7,Client_7,,2024-02-20,Instagram,0,2,17999,114061,0,0,0
7,Client_7,103.0,2024-02-20,Facebook,0,0,48972,3571,0,13,0
8,Client_8,120.0,2024-02-20,Instagram,0,4,12424,30944,0,0,0
12,Client_12,105.0,2024-02-19,Facebook,0,0,3192,12,0,4,0
15,Client_15,117.0,2024-02-19,Instagram,0,19,0,80521,0,0,0
17,Client_17,108.0,2024-02-19,Instagram,0,137,22009,144192,0,0,0
19,Client_19,111.0,2024-02-19,Instagram,0,27,10119,6141,0,0,0
19,Client_19,111.0,2024-02-19,Facebook,0,13,470136,189141,0,1389,0
22,Client_22,114.0,2024-02-19,Facebook,0,3,54951,8565,0,57,0
6,Client_6,102.0,2024-02-19,Instagram,0,485,0,909671,0,0,0
7,Client_7,103.0,2024-02-19,Facebook,0,0,48976,3853,0,16,0
7,Client_7,103.0,2024-02-19,Instagram,0,1,0,104949,0,0,0
8,Client_8,120.0,2024-02-19,Instagram,0,6,0,17897,0,0,0
12,Client_12,105.0,2024-02-18,Facebook,0,0,3192,9,0,2,0
15,Client_15,116.0,2024-02-18,Instagram,0,16,0,83059,0,0,0
17,Client_17,109.0,2024-02-18,Instagram,0,145,21899,130034,0,0,0
19,Client_19,112.0,2024-02-18,Facebook,0,21,470161,206128,0,1398,0
19,Client_19,,2024-02-18,Instagram,0,22,10137,6563,0,0,0
22,Client_22,,2024-02-18,Facebook,0,4,54950,15913,0,117,0
6,Client_6,,2024-02-18,Instagram,0,337,0,438318,0,0,0
7,Client_7,,2024-02-18,Instagram,0,4,0,113944,0,0,0
7,Client_7,,2024-02-18,Facebook,0,0,48976,3720,0,31,0
8,Client_8,120.0,2024-02-18,Instagram,0,5,0,7863,0,0,0
12,Client_12,105.0,2024-02-17,Facebook,0,0,3194,17,0,7,0
15,Client_15,116.0,2024-02-17,Instagram,0,10,0,92027,0,0,0
17,Client_17,109.0,2024-02-17,Instagram,0,159,21756,130380,0,0,0
19,Client_19,110.0,2024-02-17,Facebook,0,16,470165,226247,0,1319,0
19,Client_19,,2024-02-17,Instagram,0,19,10143,7276,0,0,0
22,Client_22,113.0,2024-02-17,Facebook,0,0,54949,16161,0,48,0
6,Client_6,101.0,2024-02-17,Instagram,0,293,0,588146,0,0,0
7,Client_7,103.0,2024-02-17,Instagram,0,3,0,115898,0,0,0
7,Client_7,104.0,2024-02-17,Facebook,0,0,48976,2956,0,13,0
8,Client_8,119.0,2024-02-17,Instagram,0,6,0,17515,0,0,0
12,Client_12,,2024-02-16,Facebook,0,0,3194,7,0,84,0
15,Client_15,,2024-02-16,Instagram,0,10,0,42087,0,0,0
17,Client_17,109.0,2024-02-16,Instagram,0,378,21589,252430,0,0,0
19,Client_19,,2024-02-16,Facebook,0,10,470183,213484,0,1554,0
19,Client_19,112.0,2024-02-16,Instagram,0,94,10048,85674,0,0,0
22,Client_22,113.0,2024-02-16,Facebook,0,2,54948,20930,0,63,0
6,Client_6,102.0,2024-02-16,Instagram,0,337,0,468062,0,0,0
7,Client_7,104.0,2024-02-16,Instagram,0,4,0,136575,0,0,0
7,Client_7,104.0,2024-02-16,Facebook,0,0,48982,2561,0,17,0
8,Client_8,119.0,2024-02-16,Instagram,0,3,0,5921,0,0,0
12,Client_12,106.0,2024-02-15,Facebook,0,0,3194,5,0,2,0
15,Client_15,116.0,2024-02-15,Instagram,0,5,0,43272,0,0,0
17,Client_17,108.0,2024-02-15,Instagram,0,778,21132,412455,0,0,0
19,Client_19,111.0,2024-02-15,Instagram,0,112,10062,107316,0,0,0
19,Client_19,110.0,2024-02-15,Facebook,0,16,470207,242624,0,1251,0
22,Client_22,115.0,2024-02-15,Facebook,0,0,54949,14911,0,39,0
6,Client_6,,2024-02-15,Instagram,0,327,0,392273,0,0,0
7,Client_7,104.0,2024-02-15,Facebook,0,1,48987,3735,0,17,0
7,Client_7,104.0,2024-02-15,Instagram,0,0,0,119075,0,0,0
8,Client_8,,2024-02-15,Instagram,0,2,0,9111,0,0,0
12,Client_12,105.0,2024-02-14,Facebook,0,0,3194,21,0,12,0
15,Client_15,117.0,2024-02-14,Instagram,0,4,6375,38322,0,0,0
17,Client_17,109.0,2024-02-14,Instagram,0,1247,20286,713553,0,0,0
19,Client_19,112.0,2024-02-14,Facebook,0,13,470231,249301,0,1457,0
19,Client_19,,2024-02-14,Instagram,0,103,9978,104936,0,0,0
22,Client_22,113.0,2024-02-14,Facebook,0,2,54950,14638,0,99,0
6,Client_6,101.0,2024-02-14,Instagram,0,384,406619,793037,0,0,0
7,Client_7,104.0,2024-02-14,Instagram,0,7,18008,107658,0,0,0
7,Client_7,103.0,2024-02-14,Facebook,0,1,48992,1517,0,27,0
8,Client_8,120.0,2024-02-14,Instagram,0,7,12426,21866,0,0,0
12,Client_12,105.0,2024-02-13,Facebook,0,0,3196,16,0,2,0
15,Client_15,,2024-02-13,Instagram,0,10,6371,39187,0,0,0
17,Client_17,108.0,2024-02-13,Instagram,0,327,19192,258851,0,0,0
19,Client_19,,2024-02-13,Facebook,0,15,470257,236793,0,1353,0
19,Client_19,110.0,2024-02-13,Instagram,0,78,9890,90057,0,0,0
22,Client_22,114.0,2024-02-13,Facebook,0,2,54952,16618,0,61,0
6,Client_6,102.0,2024-02-13,Instagram,0,330,406611,606860,0,0,0
7,Client_7,103.0,2024-02-13,Instagram,0,3,18006,113323,0,0,0
7,Client_7,,2024-02-13,Facebook,0,0,48996,1552,0,15,0
8,Client_8,119.0,2024-02-13,Instagram,0,6,12425,26954,0,0,0
12,Client_12,,2024-02-12,Facebook,0,0,3196,11,0,0,0
15,Client_15,,2024-02-12,Instagram,0,18,6362,38937,0,0,0
17,Client_17,107.0,2024-02-12,Instagram,0,229,18927,169584,0,0,0
19,Client_19,110.0,2024-02-12,Facebook,0,23,470291,263933,0,1622,0
19,Client_19,,2024-02-12,Instagram,0,73,9841,90995,0,0,0
22,Client_22,115.0,2024-02-12,Facebook,0,1,54952,13809,0,74,0
6,Client_6,101.0,2024-02-12,Instagram,0,366,406478,600299,0,0,0
7,Client_7,104.0,2024-02-12,Instagram,0,4,18007,105838,0,0,0
7,Client_7,,2024-02-12,Facebook,0,0,49002,1615,0,17,0
8,Client_8,119.0,2024-02-12,Instagram,0,4,12424,6858,0,0,0
12,Client_12,,2024-02-11,Facebook,0,0,3197,1,0,0,0
15,Client_15,,2024-02-11,Instagram,0,14,6352,38937,0,0,0
17,Client_17,109.0,2024-02-11,Instagram,0,78,18746,138319,0,0,0
19,Client_19,112.0,2024-02-11,Instagram,0,76,9784,93206,0,0,0
19,Client_19,111.0,2024-02-11,Facebook,0,29,470319,277687,0,1801,0
22,Client_22,115.0,2024-02-11,Facebook,0,8,54957,25733,0,111,0
6,Client_6,102.0,2024-02-11,Instagram,0,448,406255,687339,0,0,0
7,Client_7,104.0,2024-02-11,Instagram,0,6,18009,107490,0,0,0
7,Client_7,103.0,2024-02-11,Facebook,0,0,49007,1776,0,16,0
8,Client_8,119.0,2024-02-11,Instagram,0,1,12427,1544,0,0,0
12,Client_12,,2024-02-10,Facebook,0,0,3197,6,0,6,0
15,Client_15,117.0,2024-02-10,Instagram,0,19,6337,47462,0,0,0
17,Client_17,107.0,2024-02-10,Instagram,0,89,18676,165819,0,0,0
19,Client_19,110.0,2024-02-10,Facebook,0,10,470331,237179,0,1219,0
19,Client_19,,2024-02-10,Instagram,0,65,9735,99040,0,0,0
22,Client_22,113.0,2024-02-10,Facebook,0,3,54954,428,0,22,0
6,Client_6,,2024-02-10,Instagram,0,394,406027,516816,0,0,0
7,Client_7,103.0,2024-02-10,Instagram,0,7,18006,104112,0,0,0
7,Client_7,,2024-02-10,Facebook,0,0,49010,1859,0,6,0
8,Client_8,,2024-02-10,Instagram,0,3,12430,3670,0,0,0
12,Client_12,105.0,2024-02-09,Facebook,0,0,3197,7,0,9,0
15,Client_15,116.0,2024-02-09,Instagram,0,18,6327,66131,0,0,0
17,Client_17,107.0,2024-02-09,Instagram,0,161,18601,228656,0,0,0
19,Client_19,,2024-02-09,Facebook,0,7,470358,204639,0,1262,0
19,Client_19,110.0,2024-02-09,Instagram,0,66,9690,106674,0,0,0
22,Client_22,115.0,2024-02-09,Facebook,0,2,54955,2178,0,58,0
6,Client_6,101.0,2024-02-09,Instagram,0,454,405812,512728,0,0,0
7,Client_7,104.0,2024-02-09,Instagram,0,4,18007,129096,0,0,0
7,Client_7,103.0,2024-02-09,Facebook,0,0,49014,1554,0,5,0
8,Client_8,120.0,2024-02-09,Instagram,0,5,12426,773,0,0,0
12,Client_12,105.0,2024-02-08,Facebook,0,1,3197,22,0,6,0
15,Client_15,116.0,2024-02-08,Instagram,0,16,6315,46175,0,0,0
17,Client_17,108.0,2024-02-08,Instagram,0,284,18422,362324,0,0,0
19,Client_19,,2024-02-08,Facebook,0,10,470385,207043,0,1239,0
19,Client_19,110.0,2024-02-08,Instagram,0,59,9634,101420,0,0,0
22,Client_22,114.0,2024-02-08,Facebook,0,2,54959,9769,0,85,0
6,Client_6,101.0,2024-02-08,Instagram,0,462,405553,486661,0,0,0
7,Client_7,,2024-02-08,Instagram,0,4,18015,109803,0,0,0
7,Client_7,103.0,2024-02-08,Facebook,0,0,49020,1551,0,3,0
8,Client_8,120.0,2024-02-08,Instagram,0,3,0,1028,0,0,0
12,Client_12,106.0,2024-02-07,Facebook,0,0,3196,15,0,14,0
15,Client_15,,2024-02-07,Instagram,0,15,6301,29239,0,0,0
17,Client_17,109.0,2024-02-07,Instagram,0,147,18128,228118,0,0,0
19,Client_19,,2024-02-07,Instagram,0,48,9593,99626,0,0,0
19,Client_19,110.0,2024-02-07,Facebook,0,6,470453,186275,0,1307,0
22,Client_22,113.0,2024-02-07,Facebook,0,4,54967,346,0,39,0
6,Client_6,101.0,2024-02-07,Instagram,0,559,405252,776206,0,0,0
7,Client_7,104.0,2024-02-07,Instagram,0,7,18010,105408,0,0,0
7,Client_7,103.0,2024-02-07,Facebook,0,0,49031,1761,0,23,0
8,Client_8,119.0,2024-02-07,Instagram,0,4,0,4028,0,0,0
12,Client_12,106.0,2024-02-06,Facebook,0,0,3196,23,0,5,0
15,Client_15,117.0,2024-02-06,Instagram,0,10,6290,19548,0,0,0
17,Client_17,109.0,2024-02-06,Instagram,0,45,18041,147630,0,0,0
19,Client_19,112.0,2024-02-06,Instagram,0,1,9532,99438,0,0,0
19,Client_19,110.0,2024-02-06,Facebook,0,12,470493,192464,0,1185,0
22,Client_22,114.0,2024-02-06,Facebook,0,3,54964,388,0,29,0
6,Client_6,101.0,2024-02-06,Instagram,0,516,404901,570357,0,0,0
7,Client_7,103.0,2024-02-06,Instagram,0,5,18009,101241,0,0,0
7,Client_7,104.0,2024-02-06,Facebook,0,0,49038,4200,0,14,0
8,Client_8,119.0,2024-02-06,Instagram,0,5,12425,354,0,0,0
12,Client_12,,2024-02-05,Facebook,0,0,3196,8,0,3,0
15,Client_15,,2024-02-05,Instagram,0,12,6279,21245,0,0,0
17,Client_17,107.0,2024-02-05,Instagram,0,46,18002,148890,0,0,0
19,Client_19,111.0,2024-02-05,Facebook,0,10,470505,279228,0,1469,0
19,Client_19,111.0,2024-02-05,Instagram,0,7,9531,101636,0,0,0
22,Client_22,114.0,2024-02-05,Facebook,0,1,54964,463,0,71,0
6,Client_6,101.0,2024-02-05,Instagram,0,518,404553,529707,0,0,0
7,Client_7,103.0,2024-02-05,Instagram,0,7,0,117751,0,0,0
7,Client_7,103.0,2024-02-05,Facebook,0,0,49039,8834,0,16,0
8,Client_8,119.0,2024-02-05,Instagram,0,4,0,474,0,0,0
12,Client_12,106.0,2024-02-04,Facebook,0,0,3196,3,0,2,0
15,Client_15,117.0,2024-02-04,Instagram,0,10,6276,25611,0,0,0
17,Client_17,108.0,2024-02-04,Instagram,0,34,17972,154664,0,0,0
19,Client_19,,2024-02-04,Facebook,0,9,470522,233259,0,1300,0
19,Client_19,,2024-02-04,Instagram,0,7,9527,99895,0,0,0
22,Client_22,114.0,2024-02-04,Facebook,0,2,54966,575,0,58,0
6,Client_6,,2024-02-04,Instagram,0,406,404232,582778,0,0,0
7,Client_7,104.0,2024-02-04,Instagram,0,1,18012,103262,0,0,0
7,Client_7,,2024-02-04,Facebook,0,0,49042,8406,0,36,0
8,Client_8,119.0,2024-02-04,Instagram,0,1,12433,476,0,0,0
12,Client_12,,2024-02-03,Facebook,0,0,3196,8,0,3,0
15,Client_15,116.0,2024-02-03,Instagram,0,11,6268,25960,0,0,0
17,Client_17,109.0,2024-02-03,Instagram,0,42,17958,174611,0,0,0
19,Client_19,111.0,2024-02-03,Instagram,0,9,9524,107182,0,0,0
19,Client_19,110.0,2024-02-03,Facebook,0,5,470529,251731,0,1360,0
22,Client_22,113.0,2024-02-03,Facebook,0,3,54971,1499,0,51,0
6,Client_6,,2024-02-03,Instagram,0,334,404061,665127,0,0,0
7,Client_7,104.0,2024-02-03,Instagram,0,2,18011,60828,0,0,0
7,Client_7,104.0,2024-02-03,Facebook,0,0,49042,9047,0,28,0
8,Client_8,120.0,2024-02-03,Instagram,0,2,12434,707,0,0,0
12,Client_12,105.0,2024-02-02,Facebook,0,0,3197,4,0,0,0
15,Client_15,117.0,2024-02-02,Instagram,0,13,6267,36393,0,0,0
17,Client_17,109.0,2024-02-02,Instagram,0,29,17918,106862,0,0,0
19,Client_19,110.0,2024-02-02,Facebook,0,9,470549,221134,0,1183,0
19,Client_19,111.0,2024-02-02,Instagram,0,16,9513,115798,0,0,0
22,Client_22,,2024-02-02,Facebook,0,0,54974,865,0,48,0
6,Client_6,102.0,2024-02-02,Instagram,0,377,403952,449078,0,0,0
7,Client_7,103.0,2024-02-02,Instagram,0,1,18016,86222,0,0,0
7,Client_7,,2024-02-02,Facebook,0,0,49047,8511,0,28,0
8,Client_8,120.0,2024-02-02,Instagram,0,4,12438,3380,0,0,0
12,Client_12,106.0,2024-02-01,Facebook,0,0,3197,9,0,2,0
15,Client_15,116.0,2024-02-01,Instagram,0,11,6259,33561,0,0,0
17,Client_17,,2024-02-01,Instagram,0,35,17895,110094,0,0,0
19,Client_19,111.0,2024-02-01,Instagram,0,15,9515,106409,0,0,0
19,Client_19,112.0,2024-02-01,Facebook,0,9,470559,220744,0,1271,0
22,Client_22,114.0,2024-02-01,Facebook,0,0,54983,1638,0,37,0
6,Client_6,101.0,2024-02-01,Instagram,0,345,403749,435760,0,0,0
7,Client_7,104.0,2024-02-01,Instagram,0,3,18022,61142,0,0,0
7,Client_7,,2024-02-01,Facebook,0,0,49051,8895,0,12,0
8,Client_8,120.0,2024-02-01,Instagram,0,2,12441,800,0,0,0
12,Client_12,,2024-01-31,Facebook,0,0,3198,5,0,0,0
15,Client_15,117.0,2024-01-31,Instagram,0,9,6255,32883,0,0,0
17,Client_17,,2024-01-31,Instagram,0,22,17873,127864,0,0,0
19,Client_19,111.0,2024-01-31,Facebook,0,11,470567,231299,0,1365,0
19,Client_19,112.0,2024-01-31,Instagram,0,13,9522,100681,0,0,0
22,Client_22,113.0,2024-01-31,Facebook,0,4,54988,1038,0,47,0
6,Client_6,101.0,2024-01-31,Instagram,0,447,403567,471381,0,0,0
7,Client_7,104.0,2024-01-31,Instagram,0,8,18018,53741,0,0,0
7,Client_7,104.0,2024-01-31,Facebook,0,0,49053,6662,0,5,0
8,Client_8,119.0,2024-01-31,Instagram,0,4,12444,1551,0,0,0
12,Client_12,106.0,2024-01-30,Facebook,0,0,3198,19,0,4,0
15,Client_15,117.0,2024-01-30,Instagram,0,24,6250,36433,0,0,0
17,Client_17,,2024-01-30,Instagram,0,44,17860,158684,0,0,0
19,Client_19,,2024-01-30,Facebook,0,14,470574,245572,0,1284,0
19,Client_19,111.0,2024-01-30,Instagram,0,9,9527,105872,0,0,0
22,Client_22,114.0,2024-01-30,Facebook,0,2,54990,852,0,63,0
6,Client_6,101.0,2024-01-30,Instagram,0,482,403246,581008,0,0,0
7,Client_7,104.0,2024-01-30,Instagram,0,4,18019,54272,0,0,0
7,Client_7,104.0,2024-01-30,Facebook,0,1,49056,24,0,16,0
8,Client_8,,2024-01-30,Instagram,0,3,12445,2722,0,0,0
12,Client_12,106.0,2024-01-29,Facebook,0,0,3198,8,0,4,0
15,Client_15,,2024-01-29,Instagram,0,16,6233,39307,0,0,0
17,Client_17,109.0,2024-01-29,Instagram,0,44,17825,178353,0,0,0
19,Client_19,110.0,2024-01-29,Facebook,0,4,470573,230599,0,1302,0
19,Client_19,112.0,2024-01-29,Instagram,0,9,9523,111328,0,0,0
22,Client_22,114.0,2024-01-29,Facebook,0,3,54991,478,0,29,0
6,Client_6,,2024-01-29,Instagram,0,407,402993,519515,0,0,0
7,Client_7,103.0,2024-01-29,Facebook,0,0,49059,23,0,10,0
7,Client_7,,2024-01-29,Instagram,0,2,18021,44969,0,0,0
8,Client_8,120.0,2024-01-29,Instagram,0,2,12444,5195,0,0,0
12,Client_12,105.0,2024-01-28,Facebook,0,0,3198,20,0,5,0
15,Client_15,,2024-01-28,Instagram,0,23,6222,38831,0,0,0
17,Client_17,109.0,2024-01-28,Instagram,0,25,17785,139630,0,0,0
19,Client_19,111.0,2024-01-28,Instagram,0,10,9517,115273,0,0,0
19,Client_19,,2024-01-28,Facebook,0,11,470588,234081,0,1054,0
22,Client_22,,2024-01-28,Facebook,0,1,54989,407,0,62,0
6,Client_6,,2024-01-28,Instagram,0,439,402750,526081,0,0,0
7,Client_7,103.0,2024-01-28,Instagram,0,17,18020,40723,0,0,0
7,Client_7,103.0,2024-01-28,Facebook,0,0,49061,55,0,38,0
8,Client_8,119.0,2024-01-28,Instagram,0,2,12453,1584,0,0,0
12,Client_12,106.0,2024-01-27,Facebook,0,0,3198,25,0,12,0
15,Client_15,118.0,2024-01-27,Instagram,0,25,6204,53220,0,0,0
17,Client_17,107.0,2024-01-27,Instagram,0,43,17770,160298,0,0,0
19,Client_19,111.0,2024-01-27,Instagram,0,11,9527,119886,0,0,0
19,Client_19,111.0,2024-01-27,Facebook,0,6,470593,248256,0,1396,0
22,Client_22,115.0,2024-01-27,Facebook,0,1,54990,269,0,30,0
6,Client_6,,2024-01-27,Instagram,0,506,402459,620527,0,0,0
7,Client_7,104.0,2024-01-27,Instagram,0,6,18016,67586,0,0,0
7,Client_7,104.0,2024-01-27,Facebook,0,0,49063,69,0,12,0
8,Client_8,120.0,2024-01-27,Instagram,0,5,12450,276,0,0,0
12,Client_12,105.0,2024-01-26,Facebook,0,0,3198,6,0,2,0
15,Client_15,,2024-01-26,Instagram,0,44,6189,67417,0,0,0
17,Client_17,109.0,2024-01-26,Instagram,0,33,17750,165218,0,0,0
19,Client_19,112.0,2024-01-26,Facebook,0,6,470605,207493,0,1265,0
19,Client_19,110.0,2024-01-26,Instagram,0,5,9525,141372,0,0,0
22,Client_22,113.0,2024-01-26,Facebook,0,0,54995,301,0,39,0
6,Client_6,102.0,2024-01-26,Instagram,0,473,402183,541613,0,0,0
7,Client_7,103.0,2024-01-26,Instagram,0,8,18017,148986,0,0,0
7,Client_7,103.0,2024-01-26,Facebook,0,0,49066,32,0,7,0
8,Client_8,,2024-01-26,Instagram,0,2,12449,346,0,0,0
12,Client_12,105.0,2024-01-25,Facebook,0,0,3199,12,0,3,0
15,Client_15,118.0,2024-01-25,Instagram,0,19,6151,46582,0,0,0
17,Client_17,,2024-01-25,Instagram,0,43,17724,164916,0,0,0
19,Client_19,110.0,2024-01-25,Facebook,0,6,470621,227457,0,1451,0
19,Client_19,111.0,2024-01-25,Instagram,0,4,9542,151899,0,0,0
22,Client_22,113.0,2024-01-25,Facebook,0,1,55001,340,0,45,0
6,Client_6,102.0,2024-01-25,Instagram,0,612,401883,583772,0,0,0
7,Client_7,,2024-01-25,Instagram,0,7,18009,131051,0,0,0
7,Client_7,,2024-01-25,Facebook,0,0,49067,30,0,16,0
8,Client_8,,2024-01-25,Instagram,0,6,12456,200,0,0,0
12,Client_12,106.0,2024-01-24,Facebook,0,0,3199,3,0,0,0
15,Client_15,116.0,2024-01-24,Instagram,0,13,6141,50585,0,0,0
17,Client_17,109.0,2024-01-24,Instagram,0,46,17693,192722,0,0,0
19,Client_19,,2024-01-24,Facebook,0,17,470627,243417,0,1636,0
19,Client_19,,2024-01-24,Instagram,0,3,9548,164070,0,0,0
22,Client_22,114.0,2024-01-24,Facebook,0,1,55001,373,0,80,0
6,Client_6,,2024-01-24,Instagram,0,737,401460,837234,0,0,0
7,Client_7,104.0,2024-01-24,Instagram,0,17,18008,120836,0,0,0
7,Client_7,104.0,2024-01-24,Facebook,0,1,49070,5,0,0,0
8,Client_8,119.0,2024-01-24,Instagram,0,1,12459,316,0,0,0
12,Client_12,,2024-01-23,Facebook,0,0,3199,16,0,4,0
15,Client_15,,2024-01-23,Instagram,0,7,6134,45901,0,0,0
17,Client_17,107.0,2024-01-23,Instagram,0,48,17660,191578,0,0,0
19,Client_19,112.0,2024-01-23,Facebook,0,51,470617,321305,0,2174,0
19,Client_19,111.0,2024-01-23,Instagram,0,3,9550,140791,0,0,0
22,Client_22,113.0,2024-01-23,Facebook,0,3,55002,563,0,44,0
6,Client_6,102.0,2024-01-23,Instagram,0,780,400931,584775,0,0,0
7,Client_7,104.0,2024-01-23,Instagram,0,4,17994,120318,0,0,0
7,Client_7,104.0,2024-01-23,Facebook,0,1,49070,48,0,13,0
8,Client_8,119.0,2024-01-23,Instagram,0,3,12457,783,0,0,0
12,Client_12,105.0,2024-01-22,Facebook,0,0,3200,6,0,3,0
15,Client_15,116.0,2024-01-22,Instagram,0,23,6130,49939,0,0,0
17,Client_17,107.0,2024-01-22,Instagram,0,45,17615,188967,0,0,0
19,Client_19,,2024-01-22,Facebook,0,116,470569,504173,0,3344,0
19,Client_19,112.0,2024-01-22,Instagram,0,14,0,134709,0,0,0
22,Client_22,113.0,2024-01-22,Facebook,0,2,55002,720,0,41,0
6,Client_6,101.0,2024-01-22,Instagram,0,1045,400374,581723,0,0,0
7,Client_7,103.0,2024-01-22,Instagram,0,4,17996,118435,0,0,0
7,Client_7,104.0,2024-01-22,Facebook,0,0,49074,28,0,3,0
8,Client_8,120.0,2024-01-22,Instagram,0,8,12458,942,0,0,0
12,Client_12,106.0,2024-01-21,Facebook,0,0,3200,7,0,3,0
15,Client_15,118.0,2024-01-21,Instagram,0,12,6120,38874,0,0,0
17,Client_17,108.0,2024-01-21,Instagram,0,0,17589,207874,0,0,0
19,Client_19,111.0,2024-01-21,Instagram,0,0,9547,217248,0,0,0
19,Client_19,110.0,2024-01-21,Facebook,0,55,470401,373643,0,2374,0
22,Client_22,113.0,2024-01-21,Facebook,0,3,55004,555,0,34,0
6,Client_6,102.0,2024-01-21,Instagram,0,1422,399492,872146,0,0,0
7,Client_7,104.0,2024-01-21,Instagram,0,4,0,118716,0,0,0
7,Client_7,103.0,2024-01-21,Facebook,0,3,49079,26,0,3,0
8,Client_8,,2024-01-21,Instagram,0,10,12451,4955,0,0,0
12,Client_12,106.0,2024-01-20,Facebook,0,0,3200,17,0,4,0
15,Client_15,116.0,2024-01-20,Instagram,0,14,6118,35166,0,0,0
17,Client_17,108.0,2024-01-20,Instagram,0,38,17554,227483,0,0,0
19,Client_19,111.0,2024-01-20,Instagram,0,7,9544,224933,0,0,0
19,Client_19,,2024-01-20,Facebook,0,10,470340,341136,0,1371,0
22,Client_22,114.0,2024-01-20,Facebook,0,3,55002,1221,0,48,0
6,Client_6,101.0,2024-01-20,Instagram,0,512,398404,470317,0,0,0
7,Client_7,104.0,2024-01-20,Instagram,0,5,17997,119280,0,0,0
7,Client_7,103.0,2024-01-20,Facebook,0,1,49077,11,0,5,0
8,Client_8,120.0,2024-01-20,Instagram,0,2,12453,1177,0,0,0
12,Client_12,106.0,2024-01-19,Facebook,0,0,3200,11,0,0,0
15,Client_15,117.0,2024-01-19,Instagram,0,4,6116,26526,0,0,0
17,Client_17,107.0,2024-01-19,Instagram,0,34,17524,251108,0,0,0
19,Client_19,111.0,2024-01-19,Instagram,0,2,9551,148640,0,0,0
19,Client_19,111.0,2024-01-19,Facebook,0,14,470336,300634,0,1424,0
22,Client_22,115.0,2024-01-19,Facebook,0,2,55002,466,0,15,0
6,Client_6,102.0,2024-01-19,Instagram,0,508,398134,454580,0,0,0
7,Client_7,103.0,2024-01-19,Instagram,0,4,0,147994,0,0,0
7,Client_7,104.0,2024-01-19,Facebook,0,1,49077,18,0,10,0
8,Client_8,119.0,2024-01-19,Instagram,0,4,12457,1837,0,0,0
6,Client_6,101.0,2024-01-18,Instagram,0,0,397882,446137,0,0,0
